A01AS006301,A01AA01301
A02AA017011,A02AB01011
A02AA017231,A02AB01231
A02AA018011,A02AB10011
A02AA018231,A02AB10231
A02BR001011,A02BA02011
A02BR001012,A02BA02012
A02BR001701,A02BA02701
A02BO002101,A02BC01101
A02BS014011,A02BX02011
N07AA033701,A03BA01701
A03BH013021,A03BB01021
A03BH013701,A03BB01701
A03DH013701,A03DB04701
A03FM016011,A03FA01011
A03FM016201,A03FA01201
A03FM016701,A03FA01701
A04AO008011,A04AA01011
A04AO008701,A04AA01701
A06AB010021,A06AB02021
A06AR004271,A06AB05271
A06AG005531,A06AX01531
J02AN009021,A07AA02021
J02AN009231,A07AA02231
A07BC006251,A07BA01251
A07CS002251,A07CA99251
A07DL015141,A07DA03141
A07ES020011,A07EC01011
A07EM026031,A07EC02031
A07EM026531,A07EC02531
A07EM026541,A07EC02541
A10AI009711,A10AC01711
A10AI008701,A10AD01701
A10BM011011,A10BA02011
A10BG004011,A10BB01011
A11CV019141,A11CA01141
A11CC003101,A11CC04101
A11CC003102,A11CC04102
A11DT009141,A11DA01141
A11DT009701,A11DA01701
A11GA031011,A11GA01011
A11GA031201,A11GA01201
A11GA031701,A11GA01701
A11HP015141,A11HA02141
A12AC002701,A12AA03701
A12AC001011,A12AA04011
A12AC046011,A12AA20011
A12BP023211,A12BA05211
B01AH003701,B01A1AB701
B01AW001011,B01AA03011
B01AH004701,B01AB01701
B01AC049011,B01AC04011
N02BA003011,B01AC06011
B01AE010721,B01AD01721
B01AE010722,B01AD01722
B02AT021011,B02AA02011
B02AT021701,B02AA02701
B02BF008701,B02BA01701
B02BG001661,B02BC01661
B02BF001721,B02BD04721
B03AH011161,B03AA07161
B03AH011201,B03AA07201
B03AH012701,B03AC02701
B03BC012701,B03BA01701
B03BH009701,B03BA03701
B03BF014011,B03BB01011
B03XE20721,B03XA01721
B03XE20722,B03XA01722
B03XE20723,B03XA01723
B05AA009701,B05AA01701
B05AP019771,B05AA02771
B05AP018771,B05AX03771
B05BA021701,B05BA01701
B05BA039731,B05BA02731
B05BD009701,B05BA03701
B05BD010701,B05BA03702
B05BD009702,B05BA03703
B05BD009703,B05BA03704
B05BD009704,B05BA03705
V06DA021231,B05BA10231
B05BM028701,B05BA10701
B05BM027701,B05BA10702
B05BS004701,B05BB01701
B05BM002701,B05BC01701
B05BM002702,B05BC01702
B05DS011751,B05DA99751
B05XS003701,B05XA02701
B05XS004702,B05XA03702
N03AM001701,B05XA05701
B05BP039701,B05XA06701
B05XR007701,B05XA30701
B05XR008701,B05XA30702
A12BP022701,B05XXA0701
B05ZS012751,B05ZA98751
C01AB007701,C01AA08701
C01BA023011,C01BD01011
C01BA023721,C01BD01721
C01CD029701,C01CA04701
C01CD028701,C01CA07701
C01CI001011,C01CA16011
C01CE004701,C01CA24701
C01DN011701,C01DA02701
C01DI020011,C01DA08011
C01DI020061,C01DA08061
C02AA011011,C02AB01011
C02AC047011,C02AC01011
C02CP026011,C02CA01011
C02DD014701,C02DA01701
C02DH005011,C02DB02011
C02DM026161,C02DC01161
C02DS010721,C02DD01721
C03AH006011,C03AA03011
C03CF017011,C03CA01011
C03CF017701,C03CA01701
C03DE008011,C03DA01011
C03DE008012,C03DA01012
C04AF006721,C04AB01721
C05AC040521,C05AA01521
C05AC040531,C05AA01531
C07AP035011,C07AA05011
C07AP035012,C07AA05012
C07AM017161,C07AB02161
C07AM017162,C07AB02162
C08CA037011,C08CA01011
C08CN006151,C08CA05151
C08CN008141,C08CA06141
C08CN008701,C08CA06701
C08CN006101,C08CN006101
C08DV016011,C08DA01011
C08DV016141,C08DA01141
C08DV016701,C08DA01701
C09AC004011,C09AA01011
C09AC004012,C09AA01012
C09AE002011,C09AA02011
C09AE002012,C09AA02012
C09CL021161,C09CA01161
C09CL021162,C09CA01162
B04AL018011,C10AA02011
B04AG002011,C10AB04011
B04AC035251,C10AC01251
D01AN009321,D01AA01321
D01AC031301,D01AC01301
D01AC031321,D01AC01321
D08AA016311,D02AX99311
D04AC042371,D04AX99371
D05BM019011,D05BA02011
D08AP020321,D06BBA0321
D07AH007321,D07AA02321
D07AH007371,D07AA02371
D07AB004321,D07AC01321
D07AB004332,D07AC01332
D08AO012301,D08AG02301
D10AR003321,D10AD02321
D10AR003371,D10AD02371
J01FC019701,D10AF01701
D06BP021301,D10AX95301
G01AN009501,G01AA01501
G01AM020501,G01AF01501
G01AC031501,G01AF02501
G01AC031511,G01AF02511
P01AF016011,G01AX06011
P01AF016231,G01AX06231
G02AE005701,G02AB03701
G03AA08SHIMC01,G03AA08000
G03AC03TNPOA01,G03AC03001
G03AC03TNPOA02,G03AC03002
G03AA07IPMPA01,G03AC03004
G03DM004011,G03AC06011
G03DM004711,G03AC06711
G03BT006701,G03BA03701
G03CE017161,G03CA03161
G03CE017361,G03CA03361
G03CE012161,G03CA57161
G03CE012162,G03CA57162
G03CE011511,G03CA57511
G03CE011721,G03CA57721
G03DH010701,G03DA03701
G03FA01TNPOA01,G03FA01000
G03GG006702,G03GA01702
G03HC016011,G03HA01011
G03XD002101,G03XA01101
H01BD035701,H01BA02701
H01BO007701,H01BB02701
H01BO007702,H01BB02702
H02AB005701,H02AB01701
H02AB006711,H02AB01711
H02AD006701,H02AB02701
H02AD005711,H02AB02711
H02AM013721,H02AB04721
H02AP027011,H02AB07011
H02AP027012,H02AB07012
H02AH008721,H02AB09721
H03AL006011,H03AA01011
H03AL006012,H03AA01012
H03AL007011,H03AA03011
H03BP037011,H03BA02011
H03BM014011,H03BB02011
J01AD031141,J01AA02141
J01AT008101,J01AA07101
J01BC023101,J01BA01101
J01BC024231,J01BA01231
J01BC025721,J01BA01721
J01CA027142,J01CA01142
J01CA027231,J01CA01231
J01CA027232,J01CA01232
J01CA026721,J01CA01721
J01CA026722,J01CA01722
J01CA025141,J01CA04141
J01CA025142,J01CA04142
J01CA025231,J01CA04231
J01CA025232,J01CA04232
J01CA028721,J01CA51721
J01CP007721,J01CE01721
J01CP007722,J01CE01722
J01CP004141,J01CE02141
J01CP004231,J01CE02231
J01CP005721,J01CE08721
J01CP005722,J01CE08722
J01CP006721,J01CE09721
J01CP006722,J01CE09722
J01CD016101,J01CF01101
J01CD016102,J01CF01102
J01CD016231,J01CF01231
J01CD016232,J01CF01232
J01CO004721,J01CF04721
J01CP037721,J01CR05721
J01DC008142,J01DB01142
J01DC008231,J01DB01231
J01DC008232,J01DB01232
J01DC043721,J01DB03721
J01DC044721,J01DB04721
J01DC009141,J01DB09141
J01DC009722,J01DB09722
J01DC011722,J01DD04722
J01DC011723,J01DD04723
J01DA035722,J01DF01722
J01CM026721,J01DH02721
J01CM026722,J01DH02722
J01DI004721,J01DH51721
J01ET025011,J01EE01011
J01ET025012,J01EE01012
J01ET025231,J01EE01231
J01ET025701,J01EE01701
J01FE007141,J01FA01141
J01FE007231,J01FA01231
J01FE018011,J01FA02011
J01FC046721,J01FA09721
J01GE009721,J01GA01721
J01GG003701,J01GB03701
J01GG003702,J01GB03702
J01GG003703,J01GB03703
J01GG003704,J01GB03704
J01GA020701,J01GB06701
J01GA020702,J01GB06702
J01MC015011,J01MA02011
J01MC015012,J01MA02012
J01MC015701,J01MA02701
J01MN012141,J01MA06141
J01XV013721,J01XA01721
G04AN010141,J01XE01141
G04AN010142,J01XE01142
J02AA029721,J02AA01721
J02AK002011,J02AB02011
J02AK002231,J02AB02231
J02AF009101,J02AC01101
J02AF009231,J02AC01231
J02AF009701,J02AC01701
J04BR005101,J04AB02101
J04BR005221,J04AB02221
J04AI019011,J04AC01011
J04AI019012,J04AC01012
J04AE014011,J04AD03011
J04AP013011,J04AK01011
J04AE013011,J04AK02011
J04AR006141,J04AM02141
J04AT013011,J04AM04011
J04BC020101,J04BA01101
J04BD003011,J04BA02011
J05AA006011,J05AB01011
J05AA006721,J05AB01721
J05AS025101,J05AE01101
J05AS025162,J05AE01162
J05AI006141,J05AE02141
J05AI006142,J05AE02142
J05AR009141,J05AE03141
J05AR009221,J05AE03221
J05AN013011,J05AE04011
J05AN013251,J05AE04251
J05AF018011,J05AE07011
J05AA038101,J05AE08101
J05AA038102,J05AE08102
J05AL020101,J05AE11101
J05AL020221,J05AE11221
J05AZ001141,J05AF01141
J05AZ001142,J05AF01142
J05AZ001201,J05AF01201
J05AZ001701,J05AF01701
J05AA038133,J05AF02133
J05AD017141,J05AF02141
J05AD017142,J05AF02142
J05AE019101,J05AF04101
J05AE019102,J05AF04102
J05AE019201,J05AF04201
J05AL001141,J05AF05141
J05AL001201,J05AF05201
J05AA037011,J05AF06011
J05AA037201,J05AF06201
J05AN014011,J05AG01011
J05AN014251,J05AG01251
J05AE021101,J05AG03101
J05AE021102,J05AG03102
J05AA038162,J05AG03162
J05AL019011,J05AR01011
J06AS015701,J06AA03701
J06AS016701,J06AA03702
J06AS017701,J06AA06701
J06BI007701,J06BB01701
J07AV008701,J07AG01701
J06AT019701,J07AM01701
J06AT018701,J07AM51701
J07BV002701,J07BC01701
J07BV004201,J07BF02201
J07BV005701,J07BG01701
J07BV001701,J07BL01701
J07AV009701,J07CA99701
L01AC013011,L01AA01011
L01AC013721,L01AA01721
L01AC013722,L01AA01722
L01AC022011,L01AA02011
L01AM007011,L01AA03011
L01AB015011,L01AB01011
L01AD001721,L01AX04721
L01BM018011,L01BA01011
L01BM018701,L01BA01701
L01BM018721,L01BA01721
L01BM018722,L01BA01722
L01BM009011,L01BB02011
L01BT014011,L01BB03011
L01BC018721,L01BC01721
L01BC018722,L01BC01722
L01BF012331,L01BC02331
L01BF012701,L01BC02701
L01CV017721,L01CA01721
L01CV018701,L01CA02701
L01CE015701,L01CB01701
L01CP038701,L01CD01701
L01CP038702,L01CD01702
L01DD032721,L01DB01721
L01DB011721,L01DC01721
L01XC017721,L01XA01721
L01XC007721,L01XA02721
L01XP032101,L01XB01101
L01CA032721,L01XX02721
L02BT002011,L02BA01011
L02BT002012,L02BA01012
L03AI010721,L03AB01721
J07AV010701,L03AX03701
L04AC014101,L04AD01101
L04AC014102,L04AD01102
L04AC014103,L04AD01103
L04AC014241,L04AD01241
L04AC014701,L04AD01701
L04AA034011,L04AX01011
L04AT001011,L04AX02011
M01AD015021,M01AB05021
M01AD015701,M01AB05701
M01AI002011,M01AE01011
M01AN002141,M01AE02141
M01AN002231,M01AE02231
M01CP003141,M01CC01141
M03AS013701,M03AB01701
M03AP001701,M03AC01701
M03AV015721,M03AC03721
M03BM015011,M03BA03011
M04AA013011,M04AA01011
M04AA013012,M04AA01012
M04AC034011,M04AC01011
M05BC048701,M05BA02701
M05BP039701,M05BA03701
M05BZ002721,M05BA08721
N01AH002901,N01AB01901
N01AE003901,N01AB04901
N01AI018901,N01AB06901
N01AT015721,N01AF03721
N01AK001702,N01AX03702
N01BB014701,N01BB01701
N01BL008331,N01BB02331
N01BL008341,N01BB02341
N01BL008471,N01BB02471
N01BB013701,N01BB51701
N01BL011701,N01BB52701
N01BL011702,N01BB52702
N01BL012701,N01BB52703
N01BL009701,N01BB52704
N02AM024201,N02AA01201
N02AM024701,N02AA01701
N02AO009041,N02AA05041
N02AO009042,N02AA05042
N02AO009043,N02AA05043
N02AM008701,N02AB02701
N01AF005701,N02AB03701
N02AM010011,N02AC52011
N02AM010012,N02AC52012
N02AT020201,N02AX02201
N02AT020701,N02AX02701
N02AT020702,N02AX02702
N02BA003142,N02BA01142
N02BD026701,N02BB02701
N02BA001011,N02BE01011
N02BA001201,N02BE01201
N02BA001221,N02BE01221
N02CE006141,N02CA52141
N03AF003011,N03AA02011
N03AF003012,N03AA02012
N03AF003013,N03AA02013
N03AF003211,N03AA02211
N03AF004701,N03AA02701
N03AF004702,N03AA02702
N03AP030011,N03AA03011
N03AF002141,N03AB02141
N03AF002231,N03AB02231
N03AF002701,N03AB02701
N03AE016101,N03AD01101
N03AC021011,N03AE01011
N03AC021012,N03AE01012
N03AC021201,N03AE01201
N03AC005011,N03AF01011
N03AC005231,N03AF01231
N03AV011141,N03AG01141
N03AV012221,N03AG01221
N04BB008011,N04AA02011
N04BB009701,N04AA02701
N04BL003011,N04BA02011
N04BA019101,N04BB01101
G02CB012011,N04BC01011
N05AL004011,N05AA02011
N05AL004012,N05AA02012
N05AL004201,N05AA02201
N05AL004701,N05AA02701
N05AT016021,N05AC02021
N05AT016041,N05AC02041
N05AP011701,N05AC04701
N05AH001011,N05AD01011
N05AH001012,N05AD01012
N05AH001201,N05AD01201
N05AH001701,N05AD01701
N05AC032011,N05AH02011
N05AC032013,N05AH02013
N05AL014141,N05AN01141
N05BD013141,N05BA01141
N05BD013142,N05BA01142
N03AD013701,N05BA01701
N05BL017011,N05BA06011
N05BL017012,N05BA06012
N05BA014011,N05BA12011
N05BA014012,N05BA12012
R06AH014701,N05BB01701
N05BM023011,N05CD08011
N01AM023701,N05CD08701
N06AI005021,N06AA02021
N06AI005022,N06AA02022
N06AA024011,N06AA09011
N06AF013141,N06AB03141
N06AF013201,N06AB03201
N06AT023011,N06AX05011
N06BM012011,N06BA04011
N07AN004701,N07AA01701
N07AP014011,N07AA02011
P01AM020011,P01AB01011
P01AM020012,P01AB01012
P01AM022231,P01AB01231
P01AM022232,P01AB01232
P01AT012011,P01AB02011
P01AT012231,P01AB02231
P01AT003011,P01AC04011
P01BC028141,P01BA01141
P01BC028221,P01BA01221
P01BC028701,P01BA01701
P01BC028702,P01BA01702
P01BP029141,P01BA03142
P01BQ003101,P01BC01101
P01BQ003102,P01BC01102
P01BQ003103,P01BC01103
P01BQ002701,P01BC01701
P01AM005011,P01BC02011
P01BP016141,P01BD01141
P01BP017141,P01BD51141
P01BP017231,P01BD51231
P01CM006701,P01CB01701
P01CN007011,P01CC01011
P01CP008461,P01CX01461
P01CP008721,P01CX01721
P02BP025012,P02BA01012
P02CM003011,P02CA01011
P02CM003231,P02CA01231
P02CA008011,P02CA03011
P02CA008231,P02CA03231
P02CP010221,P02CB01221
P02CP012141,P02CC01141
P02CP012231,P02CC01231
P03AB003371,P03AX01371
R01AO006421,R01AA05421
R01AO006422,R01AA05422
R01AC041421,R01AC01421
R01AC041422,R01AC01422
R03BB002452,R01AD01452
R01AI017471,R01AX03471
R03AS001461,R03AC02461
R03AS001471,R03AC02471
R03AT005461,R03AC03461
R03BB002451,R03BA01451
R03CS001012,R03CC02012
R03CS001221,R03CC02221
R03CS001701,R03CC02701
R03CT005011,R03CC03011
R03CT005221,R03CC03221
R03CT005701,R03CC03701
R03DT004141,R03DA04141
R03DT004151,R03DA04151
R03DT004211,R03DA04211
R03DA022011,R03DA05011
R03DA022701,R03DA05701
R05CA005451,R05CB01451
R06AD018101,R06AA02101
R06AD018221,R06AA02221
R06AD018701,R06AA02701
R06AC027011,R06AB04011
R06AC026221,R06AB04221
R06AL016011,R06AX13011
R06AL016221,R06AX13221
R03DK003011,R06AX17011
R03DK003221,R06AX17221
R07AS023711,R07AA02711
S01AC025601,S01AA01601
S01AG003601,S01AA11601
S01AG003611,S01AA11611
S01AS019601,S01AB04601
S01AS019602,S01AB04602
S01AA006611,S01AD03611
S01BC037601,S01B1BA601
S01BF011601,S01BA07601
S01BP028601,S01CA02601
S01EP009602,S01EB01602
S01EA002011,S01EC01011
S01ET011601,S01ED01601
S01ET011602,S01ED01602
S01FA033602,S01FA01602
S01FT026601,S01FA56601
S01GC041601,S01GX01601
S01GC041602,S01GX01602
S01HP033601,S01HA04601
S01HT007601,S01HA30601
S01JF010601,S01JA01601
S02CC036401,S02CA06401
S01CC038601,S03CA01601
V03AE001701,V03AB03701
V03AS009701,V03AB08701
B02AP036701,V03AB14701
V03AN001701,V03AB15701
V03AA010701,V03AB16701
V03AA036701,V03AB17701
V03AF007701,V03AB19701
R05CA005701,V03AB23701
V03AD004721,V03AC01721
V07AR002251,V03AE01251
V03AS024011,V03AE02011
V03AF015011,V03AF03011
V07AO005901,V03AN01901
V07AA007701,V07AB99701
V08AD012231,V08AA01231
V08AD011701,V08AA01701
V08AD012701,V08AA01702
V08AI014701,V08AB02701
V08AI014702,V08AB02702
V08AI021701,V08AB07701
V08BB001251,V08BA01251
BO2BF001721,
BO2BF001722,
BO2BF001723,
S01JF010621,
V03AF015701,
D01BG007011,
S01AI003601,
R03CS001011,
V03AS007701,
A01AS005021,
V08AI015101,
B05XS008701,
B05XS008702,
J06AS018701,
J01CT010721,
J01CT010722,
A10BT017011,
N06AT022011,
N06AT023701,
N04AT024011,
M03AT027701,
J07BV006701,
J07BV003701,
J07BV007701,
H01BV014711,
